{
  "hash": "7035977c",
  "configHash": "e293739c",
  "lockfileHash": "de3d262c",
  "browserHash": "f563f668",
  "optimized": {
    "@angular/common/http": {
      "src": "../../../../../node_modules/@angular/common/fesm2022/http.mjs",
      "file": "@angular_common_http.js",
      "fileHash": "d5d6894f",
      "needsInterop": false
    },
    "@angular/core": {
      "src": "../../../../../node_modules/@angular/core/fesm2022/core.mjs",
      "file": "@angular_core.js",
      "fileHash": "9ba2e43b",
      "needsInterop": false
    },
    "@angular/forms": {
      "src": "../../../../../node_modules/@angular/forms/fesm2022/forms.mjs",
      "file": "@angular_forms.js",
      "fileHash": "ff93abb3",
      "needsInterop": false
    },
    "@angular/material/card": {
      "src": "../../../../../node_modules/@angular/material/fesm2022/card.mjs",
      "file": "@angular_material_card.js",
      "fileHash": "6397dc67",
      "needsInterop": false
    },
    "@angular/platform-browser": {
      "src": "../../../../../node_modules/@angular/platform-browser/fesm2022/platform-browser.mjs",
      "file": "@angular_platform-browser.js",
      "fileHash": "a9a6522c",
      "needsInterop": false
    },
    "@angular/platform-browser/animations/async": {
      "src": "../../../../../node_modules/@angular/platform-browser/fesm2022/animations/async.mjs",
      "file": "@angular_platform-browser_animations_async.js",
      "fileHash": "fd6eca5a",
      "needsInterop": false
    },
    "@angular/router": {
      "src": "../../../../../node_modules/@angular/router/fesm2022/router.mjs",
      "file": "@angular_router.js",
      "fileHash": "9c56a4c4",
      "needsInterop": false
    }
  },
  "chunks": {
    "chunk-5XTAOUUC": {
      "file": "chunk-5XTAOUUC.js"
    },
    "chunk-DE47EIMM": {
      "file": "chunk-DE47EIMM.js"
    },
    "browser-UFGERQYZ": {
      "file": "browser-UFGERQYZ.js"
    },
    "chunk-U7NEDQTK": {
      "file": "chunk-U7NEDQTK.js"
    },
    "chunk-JCONYA5E": {
      "file": "chunk-JCONYA5E.js"
    }
  }
}